id,fecha,monto,tipoTransaccion,cuentaOrigen,cuentaDestino
null,2023-12-17,694.4604507092866,Crédito,Cuenta652,Cuenta922
null,2023-03-23,796.4574756781221,Transferencia,Cuenta931,Cuenta310
null,2023-06-16,571.2683250537666,Crédito,Cuenta733,Cuenta337
null,2024-11-02,670.8249270668025,Débito,Cuenta220,Cuenta226
null,2024-10-08,949.4092386188235,Débito,Cuenta461,Cuenta589
null,2023-01-08,660.7232841861423,Crédito,Cuenta237,Cuenta639
null,2023-04-01,372.29008313734965,Crédito,Cuenta544,Cuenta342
null,2024-03-09,747.4872472344324,Débito,Cuenta783,Cuenta390
null,2024-07-20,218.7139678272617,Crédito,Cuenta216,Cuenta425
null,2024-09-16,916.5430417831645,Transferencia,Cuenta783,Cuenta465
null,2023-07-12,961.990379960405,Crédito,Cuenta402,Cuenta348
null,2024-05-21,521.8832879475373,Transferencia,Cuenta398,Cuenta872
null,2024-12-22,808.82692343409,Débito,Cuenta222,Cuenta739
null,2022-07-08,176.97111450480872,Transferencia,Cuenta480,Cuenta673
null,2024-06-20,653.8904934795745,Débito,Cuenta992,Cuenta529
null,2023-02-24,232.42505800466105,Crédito,Cuenta218,Cuenta19
null,2024-10-26,580.3744151939018,Débito,Cuenta294,Cuenta159
null,2024-09-05,320.80859047278875,Transferencia,Cuenta329,Cuenta990
null,2022-09-20,555.3757963546443,Crédito,Cuenta718,Cuenta75
null,2024-03-03,854.9157909980952,Débito,Cuenta428,Cuenta209
null,2023-02-09,195.24074925344615,Crédito,Cuenta267,Cuenta126
null,2023-06-14,309.959138558921,Transferencia,Cuenta836,Cuenta912
null,2022-06-03,588.0913991785062,Crédito,Cuenta842,Cuenta974
null,2022-03-05,467.56044617020854,Crédito,Cuenta564,Cuenta434
null,2023-10-24,997.4356539693803,Transferencia,Cuenta407,Cuenta821
null,2023-12-26,136.25946796677357,Transferencia,Cuenta663,Cuenta475
null,2023-11-28,967.3218090258177,Débito,Cuenta65,Cuenta538
null,2023-05-02,503.7907170854512,Transferencia,Cuenta507,Cuenta379
null,2022-08-23,892.3421080231168,Crédito,Cuenta802,Cuenta863
null,2022-09-20,848.762852115761,Crédito,Cuenta464,Cuenta449
null,2024-06-21,104.89189669887122,Crédito,Cuenta316,Cuenta749
null,2023-01-24,811.4845421190408,Débito,Cuenta519,Cuenta96
null,2024-01-26,42.5718695316929,Débito,Cuenta438,Cuenta847
null,2022-08-26,915.0033806178293,Crédito,Cuenta258,Cuenta936
null,2024-12-25,40.59919963161984,Transferencia,Cuenta305,Cuenta715
null,2024-02-04,65.58479545061724,Transferencia,Cuenta464,Cuenta394
null,2022-11-19,694.6212919888166,Crédito,Cuenta404,Cuenta960
null,2024-06-10,425.2045068173724,Transferencia,Cuenta924,Cuenta856
null,2022-03-05,310.14103533611404,Transferencia,Cuenta954,Cuenta915
null,2022-03-02,586.8702673235885,Crédito,Cuenta883,Cuenta552
null,2023-12-24,153.12411895294431,Débito,Cuenta811,Cuenta548
null,2022-05-18,714.0618744854789,Crédito,Cuenta372,Cuenta249
null,2024-04-14,48.097525547634575,Crédito,Cuenta492,Cuenta93
null,2022-04-08,796.5917634774352,Transferencia,Cuenta333,Cuenta486
null,2023-12-28,2.586776399268631,Crédito,Cuenta204,Cuenta573
null,2024-11-23,798.8578208329711,Débito,Cuenta667,Cuenta457
null,2023-08-02,289.35122541982327,Crédito,Cuenta559,Cuenta869
null,2022-11-14,319.11606053300625,Transferencia,Cuenta221,Cuenta329
null,2023-03-20,850.025085737684,Crédito,Cuenta933,Cuenta142
null,2024-09-02,971.3782157406885,Crédito,Cuenta117,Cuenta623
null,2024-09-21,391.5739473639032,Crédito,Cuenta178,Cuenta609
null,2023-10-10,918.5121366389961,Transferencia,Cuenta783,Cuenta922
null,2023-08-05,599.260599107262,Transferencia,Cuenta931,Cuenta941
null,2024-09-19,635.1121402754502,Transferencia,Cuenta301,Cuenta181
null,2023-05-25,359.5935728697952,Débito,Cuenta478,Cuenta754
null,2022-11-08,456.2493552433666,Débito,Cuenta118,Cuenta700
null,2022-08-28,199.07956852234986,Transferencia,Cuenta94,Cuenta213
null,2023-01-13,94.09302856127688,Débito,Cuenta561,Cuenta813
null,2022-10-09,835.2783162789431,Crédito,Cuenta25,Cuenta316
null,2024-04-09,226.41805479498623,Crédito,Cuenta576,Cuenta153
null,2024-08-24,767.5369951396847,Crédito,Cuenta284,Cuenta609
null,2024-04-18,228.8919382335526,Transferencia,Cuenta299,Cuenta72
null,2024-12-15,144.8712996782875,Crédito,Cuenta745,Cuenta21
null,2023-01-14,941.6741450520304,Débito,Cuenta867,Cuenta176
null,2024-07-03,131.86878799701051,Transferencia,Cuenta650,Cuenta6
null,2024-12-12,998.383657079446,Débito,Cuenta845,Cuenta727
null,2024-07-19,80.75020715891202,Crédito,Cuenta196,Cuenta965
null,2023-04-17,461.00661964428457,Crédito,Cuenta737,Cuenta220
null,2023-02-03,260.43154211819854,Crédito,Cuenta250,Cuenta329
null,2022-04-22,125.08108258414985,Crédito,Cuenta335,Cuenta701
null,2023-03-16,625.2912913984652,Débito,Cuenta81,Cuenta50
null,2023-11-28,811.4897488122443,Transferencia,Cuenta652,Cuenta203
null,2023-12-18,265.3395926048129,Transferencia,Cuenta445,Cuenta50
null,2024-04-11,111.30219986566414,Crédito,Cuenta385,Cuenta879
null,2022-11-09,316.1335171668173,Transferencia,Cuenta33,Cuenta617
null,2024-08-08,377.570574211256,Crédito,Cuenta862,Cuenta487
null,2024-02-08,953.9385727647699,Transferencia,Cuenta137,Cuenta549
null,2024-01-02,810.0688752058377,Transferencia,Cuenta360,Cuenta151
null,2024-10-16,710.9392794827467,Crédito,Cuenta780,Cuenta883
null,2023-11-20,727.5512325121366,Transferencia,Cuenta767,Cuenta898
null,2024-02-26,182.70294453879532,Débito,Cuenta293,Cuenta332
null,2024-01-25,421.0304081792074,Transferencia,Cuenta371,Cuenta520
null,2024-08-24,687.009183933247,Transferencia,Cuenta136,Cuenta549
null,2023-06-14,13.695001157543185,Transferencia,Cuenta143,Cuenta63
null,2024-03-19,474.6567948131553,Transferencia,Cuenta540,Cuenta450
null,2024-03-09,645.8544734878122,Crédito,Cuenta735,Cuenta120
null,2024-07-16,649.6426980992155,Crédito,Cuenta804,Cuenta871
null,2022-08-02,777.779412607124,Crédito,Cuenta780,Cuenta401
null,2023-08-06,949.2120928061452,Débito,Cuenta656,Cuenta737
null,2022-02-28,190.4630184882853,Crédito,Cuenta251,Cuenta750
null,2024-04-27,998.2690344974199,Débito,Cuenta758,Cuenta532
null,2023-12-26,883.1760473419191,Crédito,Cuenta967,Cuenta91
null,2022-02-14,93.14190065330519,Crédito,Cuenta178,Cuenta926
null,2022-06-10,212.69990174386822,Débito,Cuenta617,Cuenta573
null,2023-03-25,207.48686173423582,Crédito,Cuenta754,Cuenta701
null,2024-11-15,849.8846688121239,Crédito,Cuenta619,Cuenta11
null,2024-03-15,273.75957052146003,Débito,Cuenta819,Cuenta66
null,2022-10-01,681.3221368481858,Crédito,Cuenta935,Cuenta632
null,2024-12-15,525.9669361498305,Transferencia,Cuenta499,Cuenta493
null,2022-12-28,238.12987149248355,Crédito,Cuenta677,Cuenta255
null,2024-03-11,205.65425955989048,Débito,Cuenta613,Cuenta548
null,2022-02-05,47.86336409509484,Transferencia,Cuenta754,Cuenta6
null,2023-09-20,974.638528104613,Transferencia,Cuenta618,Cuenta563
null,2024-12-11,599.304815296096,Débito,Cuenta227,Cuenta142
null,2024-01-17,225.3107803711174,Crédito,Cuenta675,Cuenta712
null,2023-06-25,180.83915658684248,Transferencia,Cuenta528,Cuenta57
null,2022-06-27,619.541467716845,Débito,Cuenta394,Cuenta443
null,2023-04-27,226.99403367597992,Crédito,Cuenta145,Cuenta980
null,2022-10-07,944.0593749148319,Crédito,Cuenta83,Cuenta268
null,2023-01-25,3.105502880061395,Transferencia,Cuenta273,Cuenta925
null,2022-07-02,518.3435671257644,Crédito,Cuenta314,Cuenta280
null,2022-03-21,904.4774655098457,Transferencia,Cuenta542,Cuenta404
null,2022-09-21,76.67182401773064,Transferencia,Cuenta26,Cuenta552
null,2023-06-03,891.1125244114776,Crédito,Cuenta874,Cuenta506
null,2022-11-26,589.0967595898578,Débito,Cuenta676,Cuenta930
null,2022-09-15,395.3769933132655,Crédito,Cuenta347,Cuenta671
null,2023-05-10,104.71323812588429,Débito,Cuenta103,Cuenta461
null,2023-01-13,328.51090366669547,Débito,Cuenta655,Cuenta428
null,2023-05-16,757.0025425120701,Transferencia,Cuenta810,Cuenta352
null,2023-10-04,980.7131607057634,Crédito,Cuenta638,Cuenta946
null,2024-05-14,323.7164144983814,Crédito,Cuenta622,Cuenta527
null,2024-11-28,721.7254874161852,Crédito,Cuenta185,Cuenta982
null,2023-11-06,266.5529141579431,Crédito,Cuenta215,Cuenta564
null,2022-11-28,809.2716905761044,Débito,Cuenta181,Cuenta791
null,2022-09-11,978.4695795000378,Débito,Cuenta721,Cuenta868
null,2023-03-21,581.8558049039376,Crédito,Cuenta838,Cuenta794
null,2022-12-11,268.6088409453246,Crédito,Cuenta658,Cuenta292
null,2023-08-09,998.2554269859743,Transferencia,Cuenta889,Cuenta621
null,2022-05-27,85.2019639467615,Crédito,Cuenta884,Cuenta582
null,2023-06-06,764.777873065359,Crédito,Cuenta875,Cuenta222
null,2024-12-28,86.37592444836761,Débito,Cuenta298,Cuenta837
null,2023-05-12,92.60114061535674,Débito,Cuenta215,Cuenta525
null,2023-09-02,762.2027869858427,Transferencia,Cuenta78,Cuenta397
null,2024-01-12,325.7914921713228,Débito,Cuenta364,Cuenta906
null,2022-03-02,841.0489498130098,Débito,Cuenta141,Cuenta158
null,2024-06-02,232.18658229067955,Crédito,Cuenta423,Cuenta532
null,2022-12-17,96.54610105099937,Crédito,Cuenta969,Cuenta968
null,2024-05-06,15.335912458902534,Transferencia,Cuenta907,Cuenta624
null,2024-12-02,256.5655510329201,Transferencia,Cuenta216,Cuenta378
null,2022-02-16,504.53915903307524,Transferencia,Cuenta164,Cuenta709
null,2024-09-07,72.09206444338301,Transferencia,Cuenta658,Cuenta736
null,2023-12-18,974.079628371572,Transferencia,Cuenta869,Cuenta733
null,2022-03-17,647.9689974599385,Crédito,Cuenta631,Cuenta235
null,2023-02-15,683.3384427332876,Débito,Cuenta400,Cuenta897
null,2022-02-16,467.8922997189542,Débito,Cuenta471,Cuenta160
null,2022-10-08,518.9243496413733,Débito,Cuenta181,Cuenta114
null,2023-05-02,357.6175138776697,Crédito,Cuenta718,Cuenta626
null,2023-12-24,49.738275752343796,Transferencia,Cuenta364,Cuenta520
null,2023-02-18,74.96599709210594,Transferencia,Cuenta718,Cuenta83
null,2023-09-16,54.8666743336933,Transferencia,Cuenta910,Cuenta32
null,2022-07-19,628.030147672405,Transferencia,Cuenta184,Cuenta85
null,2024-12-01,365.81468011719966,Débito,Cuenta301,Cuenta900
null,2022-04-26,356.50256032727214,Crédito,Cuenta371,Cuenta821
null,2022-06-10,372.96963516776816,Débito,Cuenta404,Cuenta624
null,2024-12-18,152.1446997163628,Crédito,Cuenta740,Cuenta275
null,2022-02-06,394.33911196785044,Débito,Cuenta621,Cuenta721
null,2023-05-10,940.0677216825474,Crédito,Cuenta861,Cuenta768
null,2024-03-02,768.9970358503804,Crédito,Cuenta614,Cuenta91
null,2023-08-20,355.7938276069059,Crédito,Cuenta477,Cuenta471
null,2022-03-22,52.23959537263878,Crédito,Cuenta837,Cuenta417
null,2023-08-06,367.48564573346755,Crédito,Cuenta192,Cuenta922
null,2022-03-10,608.0299252876299,Débito,Cuenta172,Cuenta775
null,2022-04-19,367.24618412906653,Transferencia,Cuenta656,Cuenta733
null,2024-10-28,56.43875118296682,Crédito,Cuenta396,Cuenta46
null,2022-10-04,449.5461644276285,Transferencia,Cuenta464,Cuenta846
null,2022-01-02,846.777490337682,Transferencia,Cuenta589,Cuenta424
null,2023-08-26,50.20264557158638,Débito,Cuenta517,Cuenta651
null,2022-06-17,410.34128887508757,Crédito,Cuenta562,Cuenta149
null,2022-08-03,993.4443089323291,Débito,Cuenta54,Cuenta720
null,2022-08-10,922.6230482428808,Crédito,Cuenta477,Cuenta126
null,2024-10-27,727.1244811142296,Crédito,Cuenta529,Cuenta316
null,2023-07-18,109.62497225880108,Débito,Cuenta529,Cuenta634
null,2022-08-14,946.8494290222974,Transferencia,Cuenta924,Cuenta863
null,2024-09-04,895.3622076782462,Crédito,Cuenta735,Cuenta388
null,2023-12-23,822.5027960324687,Crédito,Cuenta562,Cuenta89
null,2024-06-05,757.9551144250436,Crédito,Cuenta121,Cuenta663
null,2023-09-24,753.6797919185548,Transferencia,Cuenta539,Cuenta584
null,2022-03-22,34.14265700660535,Crédito,Cuenta222,Cuenta115
null,2023-03-15,676.8725986904055,Débito,Cuenta768,Cuenta833
null,2022-08-18,588.1905576451207,Débito,Cuenta550,Cuenta660
null,2024-12-12,710.9282113160257,Transferencia,Cuenta787,Cuenta527
null,2024-01-05,574.6930022560075,Débito,Cuenta874,Cuenta953
null,2022-06-27,286.9752409715585,Transferencia,Cuenta350,Cuenta47
null,2022-07-26,939.5209660836585,Débito,Cuenta960,Cuenta164
null,2022-07-24,468.57568286598917,Crédito,Cuenta546,Cuenta1
null,2024-10-01,422.6770603228691,Débito,Cuenta463,Cuenta709
null,2023-12-27,778.8245741724633,Débito,Cuenta733,Cuenta409
null,2022-06-06,332.579965437347,Débito,Cuenta426,Cuenta473
null,2022-08-26,120.78737951234896,Transferencia,Cuenta379,Cuenta429
null,2024-12-26,170.53464329372292,Débito,Cuenta292,Cuenta582
null,2024-08-15,639.9724411945743,Transferencia,Cuenta395,Cuenta703
null,2024-04-05,207.52208007505857,Crédito,Cuenta669,Cuenta820
null,2024-03-02,365.76062427204414,Débito,Cuenta410,Cuenta733
null,2024-11-13,919.6744304051184,Crédito,Cuenta502,Cuenta84
null,2022-11-26,111.65338669156088,Transferencia,Cuenta884,Cuenta541
null,2024-06-04,535.791963912947,Crédito,Cuenta78,Cuenta802
null,2023-02-05,436.0265558377939,Crédito,Cuenta153,Cuenta719
null,2024-05-25,745.1520125422898,Débito,Cuenta26,Cuenta3
null,2022-07-08,128.1060554896848,Transferencia,Cuenta376,Cuenta679
null,2022-08-04,476.3695321449323,Débito,Cuenta603,Cuenta339
null,2023-07-09,944.1120461884359,Crédito,Cuenta427,Cuenta867
null,2022-04-03,1.4393458796800873,Transferencia,Cuenta426,Cuenta182
null,2022-10-24,358.20150645216575,Transferencia,Cuenta17,Cuenta30
null,2023-03-06,307.7869707329597,Crédito,Cuenta398,Cuenta309
null,2023-04-25,175.46998011168026,Débito,Cuenta391,Cuenta576
null,2022-01-18,842.9049616967325,Transferencia,Cuenta952,Cuenta216
null,2024-11-03,477.65302498440354,Transferencia,Cuenta69,Cuenta540
null,2022-04-17,275.65898739238725,Transferencia,Cuenta324,Cuenta709
null,2023-10-08,40.843433747141724,Débito,Cuenta582,Cuenta729
null,2023-02-03,522.9186783481736,Transferencia,Cuenta48,Cuenta878
null,2022-12-15,989.518381720662,Débito,Cuenta625,Cuenta295
null,2024-03-19,798.7421747231191,Crédito,Cuenta775,Cuenta344
null,2023-12-04,569.9640718094691,Crédito,Cuenta124,Cuenta588
null,2022-12-21,160.77362228597403,Crédito,Cuenta659,Cuenta332
null,2022-06-25,706.9257400944942,Débito,Cuenta388,Cuenta8
null,2022-08-26,226.40989970636682,Crédito,Cuenta250,Cuenta519
null,2024-08-04,25.11744355892398,Transferencia,Cuenta801,Cuenta294
null,2022-11-12,236.96835909393099,Crédito,Cuenta401,Cuenta494
null,2023-04-13,112.60946522399973,Transferencia,Cuenta719,Cuenta590
null,2023-05-19,276.6367152577226,Transferencia,Cuenta738,Cuenta31
null,2024-09-08,695.0122574293136,Transferencia,Cuenta61,Cuenta991
null,2022-04-07,275.051029220146,Crédito,Cuenta601,Cuenta979
null,2024-03-26,872.3046341283404,Débito,Cuenta599,Cuenta317
null,2024-04-27,546.0658301251027,Transferencia,Cuenta256,Cuenta647
null,2023-01-22,515.3534883761758,Crédito,Cuenta803,Cuenta285
null,2023-08-13,97.37020819553909,Débito,Cuenta350,Cuenta747
null,2024-01-04,918.4004500740167,Débito,Cuenta374,Cuenta197
null,2022-03-08,74.751576753319,Transferencia,Cuenta423,Cuenta532
null,2023-06-18,346.1178623609932,Crédito,Cuenta85,Cuenta195
null,2023-12-24,854.771325994494,Crédito,Cuenta459,Cuenta741
null,2024-08-01,189.83840702850395,Débito,Cuenta344,Cuenta734
null,2022-07-23,664.751231554181,Débito,Cuenta308,Cuenta380
null,2022-04-01,543.6706943795712,Crédito,Cuenta644,Cuenta198
null,2022-05-24,431.5099763657907,Crédito,Cuenta582,Cuenta555
null,2022-11-12,243.34534336897264,Débito,Cuenta342,Cuenta220
null,2023-02-04,742.9510530973514,Crédito,Cuenta328,Cuenta235
null,2022-11-07,715.4829938139682,Débito,Cuenta478,Cuenta782
null,2024-08-13,394.4574229936566,Transferencia,Cuenta804,Cuenta706
null,2022-04-23,534.7703622371243,Crédito,Cuenta961,Cuenta834
null,2024-01-19,810.1583194100145,Crédito,Cuenta232,Cuenta344
null,2022-02-08,504.78313413999797,Débito,Cuenta459,Cuenta366
null,2024-06-15,351.2899657636189,Crédito,Cuenta762,Cuenta45
null,2022-03-21,115.14861523096332,Débito,Cuenta597,Cuenta732
null,2022-04-16,33.69329981794322,Crédito,Cuenta463,Cuenta844
null,2022-07-23,419.2901504099511,Débito,Cuenta336,Cuenta328
null,2024-08-28,259.77209678802706,Transferencia,Cuenta427,Cuenta488
null,2022-11-04,644.7647974091052,Crédito,Cuenta420,Cuenta333
null,2023-11-24,757.7209255495998,Crédito,Cuenta659,Cuenta598
null,2023-04-23,916.90809995395,Crédito,Cuenta942,Cuenta645
null,2022-07-28,224.5244632018424,Débito,Cuenta121,Cuenta418
null,2022-06-09,291.9567715528921,Transferencia,Cuenta376,Cuenta60
null,2023-07-20,338.7754575570182,Crédito,Cuenta404,Cuenta422
null,2022-05-13,984.5309465081073,Crédito,Cuenta791,Cuenta853
null,2023-11-09,393.36796211131855,Transferencia,Cuenta995,Cuenta771
null,2024-08-03,96.06329568166572,Crédito,Cuenta314,Cuenta700
null,2024-05-04,761.556294926343,Crédito,Cuenta225,Cuenta6
null,2023-05-21,592.4156663679341,Débito,Cuenta922,Cuenta435
null,2024-02-01,110.17032258068204,Transferencia,Cuenta831,Cuenta568
null,2022-02-12,639.0489776578804,Débito,Cuenta440,Cuenta61
null,2024-10-10,687.9737784731759,Crédito,Cuenta114,Cuenta923
null,2022-04-08,672.6386000014328,Crédito,Cuenta347,Cuenta955
null,2022-12-15,249.0867007638633,Crédito,Cuenta176,Cuenta37
null,2024-04-19,491.65438187722646,Crédito,Cuenta767,Cuenta446
null,2023-11-05,318.52952829423975,Débito,Cuenta374,Cuenta783
null,2022-04-09,808.5795979441131,Crédito,Cuenta597,Cuenta150
null,2024-04-26,82.73560788009193,Transferencia,Cuenta653,Cuenta990
null,2022-03-20,159.86843815733286,Crédito,Cuenta55,Cuenta581
null,2024-10-20,190.87242501915324,Crédito,Cuenta217,Cuenta753
null,2023-10-22,819.9944331267161,Crédito,Cuenta849,Cuenta546
null,2023-05-16,746.8829875319763,Transferencia,Cuenta784,Cuenta436
null,2022-01-24,735.0388063000871,Crédito,Cuenta634,Cuenta954
null,2022-11-05,89.25282588900518,Débito,Cuenta657,Cuenta229
null,2022-07-01,378.09058508921436,Transferencia,Cuenta50,Cuenta431
null,2024-05-04,546.5777185571901,Crédito,Cuenta789,Cuenta695
null,2024-06-12,43.80890147250949,Transferencia,Cuenta258,Cuenta229
null,2024-08-18,340.6944513091402,Crédito,Cuenta486,Cuenta918
null,2023-05-06,183.22206461795852,Débito,Cuenta124,Cuenta735
null,2024-02-20,622.8348517784359,Transferencia,Cuenta534,Cuenta679
null,2023-05-02,781.0214255868316,Transferencia,Cuenta937,Cuenta719
null,2023-04-10,676.0493099280257,Crédito,Cuenta198,Cuenta323
null,2023-06-16,459.57949660215434,Débito,Cuenta900,Cuenta987
null,2024-02-08,358.0645794610292,Crédito,Cuenta526,Cuenta732
null,2023-04-12,723.8236711303325,Débito,Cuenta860,Cuenta347
null,2023-03-04,753.5314685451945,Crédito,Cuenta555,Cuenta867
null,2022-05-04,279.56167837473,Crédito,Cuenta233,Cuenta369
null,2022-11-03,316.2123651359667,Transferencia,Cuenta949,Cuenta874
null,2024-03-01,479.8092089659288,Crédito,Cuenta176,Cuenta116
null,2022-12-01,821.590472512464,Transferencia,Cuenta704,Cuenta688
null,2023-09-26,407.6059907702653,Crédito,Cuenta875,Cuenta385
null,2023-08-13,769.924402003932,Transferencia,Cuenta911,Cuenta168
null,2023-01-24,340.31971358485936,Débito,Cuenta767,Cuenta913
null,2022-06-13,683.7346334711339,Crédito,Cuenta497,Cuenta383
null,2023-10-17,290.72312602411023,Transferencia,Cuenta550,Cuenta375
null,2022-01-04,693.9974837009659,Crédito,Cuenta566,Cuenta110
null,2024-11-22,111.700093937386,Crédito,Cuenta349,Cuenta277
null,2023-06-24,414.7777307352082,Crédito,Cuenta90,Cuenta214
null,2023-08-08,439.6264027543366,Débito,Cuenta2,Cuenta964
null,2023-04-26,394.6852036491401,Crédito,Cuenta732,Cuenta668
null,2024-12-16,967.2313795304489,Débito,Cuenta600,Cuenta789
null,2023-06-12,591.1345608101753,Transferencia,Cuenta806,Cuenta119
null,2024-08-13,693.6472020714617,Débito,Cuenta686,Cuenta861
null,2024-08-05,659.8261670030753,Débito,Cuenta691,Cuenta654
null,2024-02-03,746.9289451505266,Transferencia,Cuenta259,Cuenta522
null,2022-06-05,26.811741802883372,Débito,Cuenta839,Cuenta45
null,2022-12-23,974.0243041804532,Transferencia,Cuenta880,Cuenta241
null,2023-11-02,251.68156372852147,Transferencia,Cuenta936,Cuenta860
null,2022-10-21,490.8623901016823,Transferencia,Cuenta731,Cuenta867
null,2024-12-21,600.8209098404478,Crédito,Cuenta987,Cuenta466
null,2022-03-02,693.2502257468933,Débito,Cuenta990,Cuenta461
null,2024-04-11,49.99935535562017,Crédito,Cuenta980,Cuenta842
null,2024-07-28,197.4293943776676,Transferencia,Cuenta816,Cuenta40
null,2023-01-22,229.85491250129354,Transferencia,Cuenta9,Cuenta337
null,2022-06-28,317.57897729361696,Crédito,Cuenta763,Cuenta127
null,2022-05-24,670.3084978694677,Transferencia,Cuenta0,Cuenta185
null,2023-09-04,716.5087672428737,Transferencia,Cuenta884,Cuenta848
null,2024-06-07,402.9551979452106,Crédito,Cuenta264,Cuenta366
null,2022-05-17,186.1141225268801,Crédito,Cuenta591,Cuenta660
null,2024-11-04,418.0327484990486,Transferencia,Cuenta752,Cuenta516
null,2023-07-23,819.7520302653708,Crédito,Cuenta338,Cuenta86
null,2023-07-22,373.1206309959627,Crédito,Cuenta804,Cuenta498
null,2022-05-10,705.4919690852493,Débito,Cuenta828,Cuenta897
null,2022-05-27,844.1754401941613,Transferencia,Cuenta560,Cuenta739
null,2024-09-08,604.2021381035488,Transferencia,Cuenta149,Cuenta507
null,2023-06-14,250.47874329886577,Débito,Cuenta810,Cuenta168
null,2024-01-26,713.506252499865,Crédito,Cuenta387,Cuenta106
null,2022-06-04,374.29199078195495,Transferencia,Cuenta304,Cuenta346
null,2024-09-13,12.619054091461134,Transferencia,Cuenta319,Cuenta497
null,2022-04-11,614.8518788646371,Crédito,Cuenta153,Cuenta758
null,2024-08-07,59.999670905040546,Débito,Cuenta501,Cuenta219
null,2022-01-21,281.71722450380685,Transferencia,Cuenta680,Cuenta349
null,2022-02-05,467.2366717384865,Crédito,Cuenta6,Cuenta962
null,2024-03-25,538.2143911216345,Crédito,Cuenta478,Cuenta235
null,2023-12-06,828.4384469451809,Débito,Cuenta740,Cuenta419
null,2022-07-14,572.4094302523806,Débito,Cuenta737,Cuenta541
null,2022-11-28,93.49759981726092,Transferencia,Cuenta41,Cuenta629
null,2023-09-05,359.59850517018367,Débito,Cuenta579,Cuenta430
null,2022-01-12,424.2522693425721,Débito,Cuenta521,Cuenta559
null,2022-07-27,579.1918845140269,Transferencia,Cuenta922,Cuenta424
null,2023-11-11,13.573409437191874,Crédito,Cuenta285,Cuenta863
null,2022-11-02,223.69534262680813,Débito,Cuenta232,Cuenta451
null,2022-02-17,826.4800434183612,Crédito,Cuenta588,Cuenta86
null,2023-10-08,159.09614584457665,Débito,Cuenta686,Cuenta913
null,2024-10-15,222.90750374349454,Crédito,Cuenta811,Cuenta108
null,2022-09-08,490.4475676089882,Transferencia,Cuenta416,Cuenta502
null,2024-05-16,94.8938244763029,Crédito,Cuenta75,Cuenta581
null,2024-07-16,253.37734708843195,Transferencia,Cuenta642,Cuenta652
null,2022-09-27,450.0172886225754,Transferencia,Cuenta7,Cuenta757
null,2024-04-11,891.9101792087736,Crédito,Cuenta198,Cuenta539
null,2024-03-04,147.71963813010746,Crédito,Cuenta746,Cuenta930
null,2023-07-11,769.4203049782915,Débito,Cuenta882,Cuenta426
null,2022-12-08,7.34512721816738,Transferencia,Cuenta894,Cuenta802
null,2023-06-26,360.3011750056926,Débito,Cuenta38,Cuenta23
null,2023-02-14,874.4987442538524,Transferencia,Cuenta302,Cuenta897
null,2022-03-13,123.86187196732179,Transferencia,Cuenta471,Cuenta532
null,2024-05-09,251.7824865529822,Crédito,Cuenta100,Cuenta70
null,2024-05-07,763.2408012706582,Débito,Cuenta216,Cuenta453
null,2024-10-04,71.64024279738057,Débito,Cuenta720,Cuenta103
null,2022-02-09,202.46248995416116,Transferencia,Cuenta644,Cuenta171
null,2024-08-06,734.5468922209284,Transferencia,Cuenta936,Cuenta670
null,2023-06-07,315.74185326670045,Débito,Cuenta239,Cuenta249
null,2022-04-18,567.4083846529937,Crédito,Cuenta735,Cuenta412
null,2022-07-02,669.1582772076399,Crédito,Cuenta326,Cuenta978
null,2024-05-11,633.7502724610646,Transferencia,Cuenta644,Cuenta519
null,2023-04-20,606.0266860773733,Crédito,Cuenta808,Cuenta602
null,2023-10-04,493.4211271354825,Transferencia,Cuenta19,Cuenta613
null,2024-05-05,89.3012907448969,Débito,Cuenta326,Cuenta232
null,2023-06-13,654.9273446146558,Crédito,Cuenta182,Cuenta648
null,2023-02-21,273.92991867548125,Débito,Cuenta329,Cuenta522
null,2023-09-08,487.3260006396987,Débito,Cuenta834,Cuenta707
null,2022-08-25,233.63490434914902,Transferencia,Cuenta26,Cuenta948
null,2023-06-17,105.995237173805,Transferencia,Cuenta761,Cuenta692
null,2023-01-02,888.6994842958534,Débito,Cuenta367,Cuenta775
null,2022-07-03,500.0678561239027,Crédito,Cuenta577,Cuenta640
null,2024-06-25,6.285408002553172,Crédito,Cuenta833,Cuenta632
null,2024-01-27,539.6378106132122,Transferencia,Cuenta696,Cuenta452
null,2024-08-09,524.8399079515664,Crédito,Cuenta695,Cuenta125
null,2024-11-21,875.6827746301947,Débito,Cuenta55,Cuenta458
null,2023-03-07,356.84684620749243,Transferencia,Cuenta816,Cuenta573
null,2022-03-16,592.4341643625472,Transferencia,Cuenta95,Cuenta47
null,2023-10-22,680.3783170837081,Transferencia,Cuenta318,Cuenta741
null,2022-12-03,395.0533105755829,Crédito,Cuenta226,Cuenta430
null,2023-11-12,200.63072014949046,Crédito,Cuenta173,Cuenta405
null,2022-08-11,447.7093853426506,Transferencia,Cuenta6,Cuenta151
null,2022-05-27,312.13259576377897,Débito,Cuenta485,Cuenta772
null,2023-01-14,651.5154108185995,Crédito,Cuenta882,Cuenta832
null,2023-05-09,889.9005486805906,Crédito,Cuenta411,Cuenta690
null,2023-07-21,964.1864384078094,Crédito,Cuenta262,Cuenta717
null,2022-11-01,167.2724787471004,Transferencia,Cuenta617,Cuenta362
null,2023-12-26,62.93102810059281,Débito,Cuenta552,Cuenta382
null,2022-05-08,892.3039042509475,Transferencia,Cuenta675,Cuenta514
null,2023-10-22,632.4984408482053,Crédito,Cuenta584,Cuenta937
null,2024-06-26,811.8068536193756,Débito,Cuenta601,Cuenta694
null,2022-12-28,939.4891657226343,Débito,Cuenta221,Cuenta455
null,2023-05-05,553.7885085217612,Crédito,Cuenta359,Cuenta298
null,2024-06-21,462.34227790526137,Transferencia,Cuenta997,Cuenta296
null,2022-08-28,731.3300116790614,Crédito,Cuenta297,Cuenta648
null,2023-10-28,297.20137125965874,Crédito,Cuenta836,Cuenta405
null,2022-09-20,192.11603397047205,Débito,Cuenta832,Cuenta467
null,2023-06-21,177.98631463444792,Crédito,Cuenta133,Cuenta933
null,2024-02-27,554.678952835148,Crédito,Cuenta361,Cuenta511
null,2022-11-15,811.4010975054458,Débito,Cuenta659,Cuenta142
null,2023-08-19,899.6757593002355,Transferencia,Cuenta330,Cuenta256
null,2023-05-11,568.7987274167616,Transferencia,Cuenta883,Cuenta312
null,2022-02-18,865.600390067826,Transferencia,Cuenta849,Cuenta778
null,2024-05-22,132.79423803493984,Crédito,Cuenta151,Cuenta829
null,2024-05-25,980.1653671931606,Transferencia,Cuenta520,Cuenta913
null,2023-05-28,527.6565515173161,Crédito,Cuenta625,Cuenta203
null,2022-05-08,427.8065693046584,Crédito,Cuenta163,Cuenta313
null,2022-08-10,594.4640989153523,Débito,Cuenta713,Cuenta910
null,2022-02-19,411.33201878018946,Débito,Cuenta195,Cuenta482
null,2024-03-18,698.2834700458411,Crédito,Cuenta790,Cuenta198
null,2024-01-17,804.9614208419642,Transferencia,Cuenta372,Cuenta877
null,2022-12-17,740.0792160184876,Crédito,Cuenta695,Cuenta781
null,2022-04-13,996.8232135398865,Débito,Cuenta715,Cuenta952
null,2024-02-03,215.13741199765667,Débito,Cuenta663,Cuenta584
null,2022-03-07,119.03524239273355,Crédito,Cuenta697,Cuenta813
null,2022-06-02,855.8526876299301,Crédito,Cuenta571,Cuenta63
null,2023-10-14,558.175676165678,Débito,Cuenta952,Cuenta136
null,2022-04-16,143.45290421957347,Débito,Cuenta904,Cuenta80
null,2022-05-27,616.9528269626497,Débito,Cuenta930,Cuenta93
null,2024-10-23,958.1504599668284,Crédito,Cuenta72,Cuenta99
null,2022-01-02,306.89002793237375,Transferencia,Cuenta30,Cuenta448
null,2022-01-10,886.2856009116175,Transferencia,Cuenta310,Cuenta246
null,2023-12-23,293.48297158840154,Crédito,Cuenta159,Cuenta160
null,2023-10-11,395.74114046048794,Transferencia,Cuenta316,Cuenta511
null,2024-11-09,368.538487613427,Transferencia,Cuenta717,Cuenta321
null,2022-07-26,811.5815093680302,Crédito,Cuenta917,Cuenta67
null,2022-06-14,425.6812041969784,Débito,Cuenta0,Cuenta938
null,2022-01-23,758.9552565599074,Crédito,Cuenta190,Cuenta762
null,2022-07-12,506.75375501225426,Débito,Cuenta957,Cuenta897
null,2023-05-09,745.5971830403113,Débito,Cuenta105,Cuenta146
null,2022-05-16,296.52535385902456,Débito,Cuenta435,Cuenta266
null,2022-08-21,702.5499056350558,Transferencia,Cuenta299,Cuenta258
null,2022-12-17,688.2855356401843,Transferencia,Cuenta244,Cuenta230
null,2024-12-16,257.4521379645213,Crédito,Cuenta436,Cuenta565
null,2023-04-10,704.5691782508437,Débito,Cuenta145,Cuenta912
null,2022-05-16,891.1691314778593,Transferencia,Cuenta821,Cuenta275
null,2024-06-10,380.5676065206829,Crédito,Cuenta653,Cuenta742
null,2023-10-09,217.23883829937373,Transferencia,Cuenta320,Cuenta324
null,2024-11-17,184.5247749891803,Crédito,Cuenta267,Cuenta580
null,2024-07-18,643.8602811645206,Débito,Cuenta460,Cuenta196
null,2022-04-07,521.5528911990489,Crédito,Cuenta507,Cuenta445
null,2024-06-09,511.775413323415,Débito,Cuenta752,Cuenta154
null,2024-04-06,668.4202573153325,Crédito,Cuenta923,Cuenta667
null,2024-05-02,253.62162242080433,Transferencia,Cuenta741,Cuenta889
null,2024-05-13,355.3174356180334,Crédito,Cuenta337,Cuenta52
null,2024-04-15,44.663056495317875,Transferencia,Cuenta326,Cuenta452
null,2024-08-16,578.4402801382183,Crédito,Cuenta857,Cuenta943
null,2022-02-14,115.52437651769876,Transferencia,Cuenta405,Cuenta482
null,2022-09-26,194.93924533475936,Crédito,Cuenta890,Cuenta466
null,2024-09-16,44.16265385072082,Transferencia,Cuenta683,Cuenta723
null,2022-12-21,163.64509095419444,Débito,Cuenta360,Cuenta160
null,2023-07-19,288.85081129330194,Transferencia,Cuenta398,Cuenta15
null,2022-01-09,676.1059965342915,Transferencia,Cuenta590,Cuenta430
null,2023-06-28,402.88110069457673,Transferencia,Cuenta821,Cuenta978
null,2022-09-22,358.19054120166595,Crédito,Cuenta491,Cuenta620
null,2023-03-23,955.9083948279864,Crédito,Cuenta364,Cuenta735
null,2024-11-10,567.6220048501532,Débito,Cuenta836,Cuenta326
null,2024-02-27,986.55062340238,Débito,Cuenta998,Cuenta38
null,2023-10-19,541.5071141949039,Débito,Cuenta421,Cuenta610
null,2024-11-10,736.6417856022194,Transferencia,Cuenta561,Cuenta788
null,2024-11-21,271.7558622003834,Débito,Cuenta164,Cuenta438
null,2023-03-28,16.021557367869033,Transferencia,Cuenta210,Cuenta259
null,2023-08-23,232.24727857246629,Transferencia,Cuenta724,Cuenta853
null,2023-08-27,286.41399690085956,Crédito,Cuenta896,Cuenta797
null,2023-07-10,119.25035338214629,Transferencia,Cuenta430,Cuenta14
null,2022-12-28,964.309049062582,Crédito,Cuenta147,Cuenta603
null,2022-12-27,788.778121953185,Transferencia,Cuenta242,Cuenta523
null,2022-05-10,688.9814183469501,Débito,Cuenta974,Cuenta956
null,2024-06-18,758.4589807237539,Débito,Cuenta23,Cuenta675
null,2022-08-11,585.6670899447482,Crédito,Cuenta751,Cuenta765
null,2022-10-15,492.03149533771386,Transferencia,Cuenta867,Cuenta825
null,2024-12-24,722.017489208647,Crédito,Cuenta367,Cuenta802
null,2024-07-07,612.5465346243204,Transferencia,Cuenta219,Cuenta283
null,2024-05-25,870.0598260859533,Crédito,Cuenta633,Cuenta224
null,2022-09-12,827.7202084790181,Crédito,Cuenta531,Cuenta609
null,2024-10-18,592.0360598262824,Débito,Cuenta117,Cuenta938
null,2022-03-06,490.7147917597352,Transferencia,Cuenta980,Cuenta199
null,2022-04-14,31.6760023139121,Débito,Cuenta995,Cuenta777
null,2023-09-28,970.9140923574292,Crédito,Cuenta551,Cuenta276
null,2022-01-22,272.24255525878795,Débito,Cuenta27,Cuenta561
null,2022-01-24,886.9128059121599,Crédito,Cuenta942,Cuenta536
null,2024-12-09,259.6516237669599,Transferencia,Cuenta493,Cuenta44
null,2023-07-14,59.412773520334916,Crédito,Cuenta780,Cuenta842
null,2023-04-28,838.865950599124,Débito,Cuenta251,Cuenta156
null,2022-02-10,851.3597627085481,Crédito,Cuenta118,Cuenta922
null,2024-02-20,912.0157875810628,Débito,Cuenta186,Cuenta730
null,2022-11-21,478.06824449020536,Crédito,Cuenta255,Cuenta701
null,2022-01-28,590.2228371980322,Débito,Cuenta59,Cuenta715
null,2022-10-17,939.2652076404281,Débito,Cuenta126,Cuenta561
null,2024-01-22,533.1876863227693,Transferencia,Cuenta263,Cuenta28
null,2022-02-04,57.14444380481254,Transferencia,Cuenta652,Cuenta236
null,2022-02-14,418.2465716508318,Débito,Cuenta897,Cuenta55
null,2023-05-23,496.70028786829903,Crédito,Cuenta191,Cuenta664
null,2022-06-18,476.939435636662,Transferencia,Cuenta496,Cuenta866
null,2024-10-18,954.2816549590826,Transferencia,Cuenta99,Cuenta95
null,2022-03-25,857.4257640399887,Crédito,Cuenta723,Cuenta189
null,2024-01-04,259.7749371918204,Débito,Cuenta323,Cuenta269
null,2022-11-11,732.6970926164562,Crédito,Cuenta115,Cuenta902
null,2024-07-22,927.0614978374833,Débito,Cuenta516,Cuenta313
null,2024-05-27,323.04282414225196,Débito,Cuenta173,Cuenta722
null,2023-02-20,924.4617950773458,Transferencia,Cuenta176,Cuenta13
null,2022-08-23,274.197019569159,Débito,Cuenta297,Cuenta24
null,2023-04-21,546.698910917971,Débito,Cuenta901,Cuenta690
null,2024-09-17,677.4300215737254,Crédito,Cuenta464,Cuenta268
null,2022-05-27,635.1857075545079,Débito,Cuenta503,Cuenta0
null,2022-03-20,126.52681613276052,Débito,Cuenta291,Cuenta142
null,2024-05-06,943.8185683107572,Débito,Cuenta138,Cuenta343
null,2024-05-10,9.998758453912405,Crédito,Cuenta855,Cuenta218
null,2023-06-25,834.7696723578212,Transferencia,Cuenta868,Cuenta477
null,2023-05-06,993.6222397740311,Transferencia,Cuenta554,Cuenta38
null,2024-07-24,373.48911203997693,Transferencia,Cuenta287,Cuenta183
null,2022-12-19,884.6053620393872,Transferencia,Cuenta47,Cuenta532
null,2023-07-14,714.9813460715768,Débito,Cuenta522,Cuenta779
null,2023-06-20,32.769312073384846,Transferencia,Cuenta483,Cuenta203
null,2024-10-04,675.95613712704,Débito,Cuenta162,Cuenta456
null,2023-11-11,434.5601049364445,Crédito,Cuenta698,Cuenta798
null,2023-03-10,152.94214119512338,Transferencia,Cuenta278,Cuenta593
null,2024-09-04,913.3118690844728,Crédito,Cuenta391,Cuenta320
null,2022-04-18,257.79816611474206,Débito,Cuenta454,Cuenta160
null,2023-10-17,766.1387980881102,Crédito,Cuenta87,Cuenta649
null,2024-10-26,515.5943300543573,Transferencia,Cuenta649,Cuenta876
null,2023-08-07,406.3703734198749,Débito,Cuenta847,Cuenta672
null,2022-07-26,324.00983594728314,Débito,Cuenta282,Cuenta32
null,2024-07-06,980.7321244965078,Crédito,Cuenta774,Cuenta62
null,2023-05-11,114.81312740221294,Transferencia,Cuenta649,Cuenta993
null,2024-09-23,816.0146806269557,Crédito,Cuenta649,Cuenta183
null,2023-11-15,599.7673956588327,Crédito,Cuenta998,Cuenta611
null,2023-02-10,143.09236216754417,Transferencia,Cuenta87,Cuenta937
null,2022-09-21,138.06806850905008,Transferencia,Cuenta667,Cuenta211
null,2024-11-20,134.42584551444992,Transferencia,Cuenta713,Cuenta351
null,2022-06-27,300.49325102248713,Crédito,Cuenta711,Cuenta869
null,2023-04-01,421.95291479478357,Crédito,Cuenta585,Cuenta751
null,2022-07-15,292.2918697055197,Crédito,Cuenta853,Cuenta425
null,2022-10-27,464.23485217254847,Débito,Cuenta848,Cuenta266
null,2024-06-22,648.1189299622216,Crédito,Cuenta550,Cuenta109
null,2024-04-14,171.37000277717374,Transferencia,Cuenta529,Cuenta383
null,2023-10-07,5.431984097527431,Débito,Cuenta240,Cuenta580
null,2023-06-24,467.12250220607507,Transferencia,Cuenta428,Cuenta597
null,2023-03-16,474.3821206202447,Crédito,Cuenta72,Cuenta803
null,2022-09-01,111.6216642170802,Crédito,Cuenta450,Cuenta174
null,2024-12-14,17.40640395273585,Transferencia,Cuenta556,Cuenta168
null,2024-04-08,215.86874171328608,Crédito,Cuenta653,Cuenta354
null,2022-11-09,988.06452368761,Crédito,Cuenta540,Cuenta172
null,2022-07-08,975.4837897768112,Crédito,Cuenta954,Cuenta364
null,2024-12-22,181.86787584379715,Crédito,Cuenta183,Cuenta166
null,2023-12-25,732.2597103029331,Débito,Cuenta704,Cuenta391
null,2022-10-16,766.3170662274028,Débito,Cuenta767,Cuenta270
null,2023-02-26,732.6776315053507,Crédito,Cuenta957,Cuenta384
null,2022-06-02,366.92669882322326,Transferencia,Cuenta862,Cuenta319
null,2023-08-12,706.3810031679637,Transferencia,Cuenta15,Cuenta162
null,2022-12-20,76.27149162613844,Débito,Cuenta803,Cuenta837
null,2023-09-02,518.3504034990116,Débito,Cuenta501,Cuenta126
null,2024-08-18,643.1655899673096,Transferencia,Cuenta464,Cuenta621
null,2022-07-16,705.7761070157754,Crédito,Cuenta585,Cuenta619
null,2022-06-08,137.32695695418428,Transferencia,Cuenta710,Cuenta373
null,2024-04-08,867.8746383968892,Transferencia,Cuenta539,Cuenta328
null,2023-03-16,625.4027424015483,Transferencia,Cuenta650,Cuenta86
null,2022-07-17,791.4286188849937,Crédito,Cuenta458,Cuenta90
null,2024-05-19,65.96186865423181,Débito,Cuenta928,Cuenta112
null,2023-08-07,701.2293672773397,Crédito,Cuenta0,Cuenta117
null,2022-09-24,691.6022741704592,Crédito,Cuenta28,Cuenta448
null,2023-10-26,1.8311053907260622,Transferencia,Cuenta860,Cuenta3
null,2024-08-08,628.3054261971828,Débito,Cuenta177,Cuenta633
null,2024-03-01,10.92399642796793,Transferencia,Cuenta796,Cuenta666
null,2024-01-10,264.78822468549504,Crédito,Cuenta347,Cuenta131
null,2023-09-14,243.7139812262724,Crédito,Cuenta717,Cuenta244
null,2022-11-22,589.2520076026623,Transferencia,Cuenta419,Cuenta258
null,2024-02-02,89.67831474444621,Transferencia,Cuenta721,Cuenta23
null,2022-12-09,777.3264199678008,Débito,Cuenta773,Cuenta603
null,2024-04-26,803.6659611178766,Crédito,Cuenta954,Cuenta522
null,2024-10-24,673.7523578775623,Débito,Cuenta297,Cuenta736
null,2023-03-27,582.0824425280433,Débito,Cuenta548,Cuenta392
null,2023-01-01,883.6734402475043,Crédito,Cuenta443,Cuenta635
null,2022-07-04,495.8015521266431,Crédito,Cuenta904,Cuenta790
null,2024-05-01,834.3779077890557,Crédito,Cuenta493,Cuenta478
null,2022-08-18,569.592070008666,Transferencia,Cuenta648,Cuenta394
null,2023-05-24,631.0169243283573,Débito,Cuenta997,Cuenta284
null,2023-08-08,462.6445189092159,Transferencia,Cuenta939,Cuenta269
null,2023-03-12,379.16354396696374,Crédito,Cuenta139,Cuenta232
null,2022-07-18,178.1341033193894,Débito,Cuenta216,Cuenta758
null,2022-09-21,495.615574474591,Débito,Cuenta786,Cuenta957
null,2022-01-13,924.5038751220477,Transferencia,Cuenta816,Cuenta591
null,2023-05-18,649.6417912668219,Débito,Cuenta720,Cuenta241
null,2022-08-25,456.57996097599374,Transferencia,Cuenta747,Cuenta736
null,2024-10-04,835.2591146000453,Crédito,Cuenta162,Cuenta230
null,2022-04-17,217.7184806704212,Crédito,Cuenta227,Cuenta935
null,2023-11-12,85.00408310430785,Transferencia,Cuenta656,Cuenta748
null,2022-05-08,263.3353952520627,Crédito,Cuenta1,Cuenta444
null,2022-12-16,900.8861391946592,Transferencia,Cuenta761,Cuenta969
null,2024-11-17,594.6036224083415,Crédito,Cuenta508,Cuenta405
null,2023-07-04,694.578722554363,Crédito,Cuenta489,Cuenta658
null,2024-04-03,742.9523030165903,Transferencia,Cuenta821,Cuenta162
null,2024-07-11,843.7516515326133,Débito,Cuenta923,Cuenta978
null,2022-12-23,264.8753726955103,Transferencia,Cuenta422,Cuenta979
null,2024-08-16,636.0196682937884,Transferencia,Cuenta512,Cuenta7
null,2022-12-01,552.2172225066477,Débito,Cuenta559,Cuenta435
null,2024-08-22,442.1467337349275,Débito,Cuenta622,Cuenta814
null,2022-10-09,273.90285513329695,Débito,Cuenta503,Cuenta910
null,2023-07-23,447.05183310045294,Transferencia,Cuenta861,Cuenta758
null,2022-06-11,539.320955681708,Crédito,Cuenta249,Cuenta107
null,2023-07-11,619.0469199558703,Crédito,Cuenta715,Cuenta891
null,2023-08-20,825.130400913561,Crédito,Cuenta270,Cuenta21
null,2023-11-15,464.743212763706,Débito,Cuenta235,Cuenta233
null,2022-10-18,486.4851707234905,Crédito,Cuenta76,Cuenta303
null,2023-02-22,175.35074584950127,Crédito,Cuenta582,Cuenta383
null,2022-05-07,272.2332009939301,Transferencia,Cuenta826,Cuenta268
null,2024-06-20,386.8451227425741,Débito,Cuenta899,Cuenta409
null,2022-01-01,766.1338640460561,Crédito,Cuenta157,Cuenta713
null,2022-11-10,401.8201356387399,Transferencia,Cuenta76,Cuenta478
null,2024-02-08,862.7833068457618,Transferencia,Cuenta893,Cuenta149
null,2023-04-24,642.2425451708003,Débito,Cuenta829,Cuenta512
null,2024-12-27,524.312594848214,Débito,Cuenta56,Cuenta387
null,2024-04-24,669.7034312239273,Transferencia,Cuenta668,Cuenta680
null,2023-05-17,238.91910081374613,Crédito,Cuenta31,Cuenta995
null,2023-01-07,829.6128878082236,Débito,Cuenta200,Cuenta604
null,2024-04-10,521.6736136941173,Transferencia,Cuenta915,Cuenta153
null,2022-07-02,707.212252397167,Crédito,Cuenta61,Cuenta906
null,2023-08-20,394.1884335094512,Crédito,Cuenta426,Cuenta325
null,2023-09-05,455.5396660463095,Crédito,Cuenta39,Cuenta672
null,2023-08-02,515.0902285837483,Débito,Cuenta934,Cuenta275
null,2022-03-11,579.2871145903163,Transferencia,Cuenta43,Cuenta219
null,2024-04-24,64.57311576950787,Crédito,Cuenta724,Cuenta748
null,2022-04-05,930.7914131898502,Débito,Cuenta717,Cuenta358
null,2024-12-10,497.2894114724413,Débito,Cuenta388,Cuenta282
null,2024-01-25,486.0625748813748,Transferencia,Cuenta517,Cuenta977
null,2023-12-16,256.32912846975154,Crédito,Cuenta227,Cuenta450
null,2023-01-07,682.9657348490905,Débito,Cuenta660,Cuenta455
null,2023-01-03,519.4011346853187,Transferencia,Cuenta211,Cuenta993
null,2024-12-25,204.59290608760006,Débito,Cuenta103,Cuenta272
null,2023-05-09,329.39936422721274,Transferencia,Cuenta542,Cuenta487
null,2024-11-01,455.31285603738456,Débito,Cuenta775,Cuenta681
null,2022-06-28,86.4340412405108,Débito,Cuenta422,Cuenta721
null,2023-08-15,926.4635444924373,Transferencia,Cuenta133,Cuenta61
null,2022-06-27,408.12411477361564,Transferencia,Cuenta442,Cuenta162
null,2023-03-10,34.414332451528026,Crédito,Cuenta838,Cuenta583
null,2023-04-09,195.72467246336532,Débito,Cuenta331,Cuenta492
null,2022-04-13,54.810194202781325,Débito,Cuenta933,Cuenta17
null,2022-02-06,666.1922997814154,Débito,Cuenta214,Cuenta484
null,2023-06-02,877.9433005219012,Crédito,Cuenta926,Cuenta871
null,2022-02-27,582.8359610585335,Crédito,Cuenta316,Cuenta893
null,2022-06-09,129.6055145887759,Transferencia,Cuenta959,Cuenta804
null,2023-06-13,964.1553195732433,Crédito,Cuenta120,Cuenta731
null,2024-08-27,497.2885643721243,Transferencia,Cuenta756,Cuenta716
null,2022-08-25,525.934815653317,Transferencia,Cuenta101,Cuenta414
null,2024-11-04,624.3331338846903,Transferencia,Cuenta774,Cuenta232
null,2024-04-26,337.7799853691134,Crédito,Cuenta84,Cuenta720
null,2022-08-04,131.15616878437442,Transferencia,Cuenta667,Cuenta698
null,2024-07-27,540.0146665838148,Transferencia,Cuenta385,Cuenta94
null,2023-10-02,501.318289799375,Transferencia,Cuenta16,Cuenta700
null,2022-01-07,868.9759042034254,Crédito,Cuenta372,Cuenta716
null,2023-10-23,18.027276842199957,Crédito,Cuenta112,Cuenta454
null,2024-09-11,785.7152691289667,Crédito,Cuenta645,Cuenta214
null,2024-04-06,327.6676693393482,Crédito,Cuenta572,Cuenta695
null,2024-01-22,414.31017478613927,Crédito,Cuenta761,Cuenta329
null,2022-01-05,695.1696276710059,Crédito,Cuenta275,Cuenta802
null,2024-04-25,673.0774241369563,Débito,Cuenta142,Cuenta804
null,2023-05-17,204.84027720999853,Débito,Cuenta992,Cuenta314
null,2024-06-20,944.5734908840756,Crédito,Cuenta588,Cuenta519
null,2023-01-11,64.83530815167026,Transferencia,Cuenta675,Cuenta263
null,2024-09-04,692.7547250438311,Transferencia,Cuenta874,Cuenta379
null,2023-05-17,928.7653005486923,Transferencia,Cuenta35,Cuenta84
null,2023-03-09,653.9573511826248,Débito,Cuenta762,Cuenta679
null,2022-04-11,69.03946696992269,Transferencia,Cuenta338,Cuenta294
null,2022-04-28,174.9475692971043,Débito,Cuenta268,Cuenta196
null,2022-12-18,688.3691135169465,Débito,Cuenta738,Cuenta216
null,2024-11-14,568.5124135372604,Crédito,Cuenta621,Cuenta773
null,2024-08-16,49.19988440659839,Transferencia,Cuenta468,Cuenta241
null,2022-01-13,539.3674170188197,Crédito,Cuenta2,Cuenta572
null,2022-02-03,123.06789513359328,Crédito,Cuenta531,Cuenta629
null,2022-03-12,305.2813461497753,Débito,Cuenta687,Cuenta911
null,2022-06-11,816.5439786090528,Transferencia,Cuenta587,Cuenta786
null,2024-07-02,602.0334761991132,Débito,Cuenta499,Cuenta562
null,2024-08-16,875.5809168030385,Débito,Cuenta807,Cuenta760
null,2022-12-27,123.84231430849802,Crédito,Cuenta463,Cuenta282
null,2024-06-19,426.51456249755626,Crédito,Cuenta947,Cuenta292
null,2024-02-09,513.6164027875752,Crédito,Cuenta796,Cuenta465
null,2022-08-25,130.69068383224845,Crédito,Cuenta669,Cuenta168
null,2024-04-13,964.8647890907928,Débito,Cuenta198,Cuenta19
null,2023-08-13,261.97128282764106,Débito,Cuenta492,Cuenta158
null,2024-09-08,764.1211373360306,Débito,Cuenta670,Cuenta222
null,2022-05-24,785.3418617100074,Transferencia,Cuenta168,Cuenta950
null,2024-03-06,347.9117202762486,Crédito,Cuenta658,Cuenta940
null,2023-04-09,257.8249433258699,Débito,Cuenta499,Cuenta187
null,2024-04-04,108.31682825556565,Transferencia,Cuenta28,Cuenta124
null,2022-10-04,116.99685204696719,Crédito,Cuenta845,Cuenta88
null,2024-08-19,664.9816425002604,Débito,Cuenta394,Cuenta618
null,2024-02-10,38.22226205437096,Transferencia,Cuenta761,Cuenta270
null,2023-08-01,676.0225052478788,Transferencia,Cuenta411,Cuenta521
null,2024-04-17,695.2616298577553,Débito,Cuenta678,Cuenta617
null,2023-08-21,828.0914276949597,Crédito,Cuenta196,Cuenta655
null,2024-02-19,393.30623876801576,Débito,Cuenta621,Cuenta18
null,2023-07-08,627.8769112780091,Transferencia,Cuenta595,Cuenta65
null,2022-06-16,818.1314838621023,Transferencia,Cuenta826,Cuenta617
null,2023-12-02,616.9565944422511,Débito,Cuenta929,Cuenta603
null,2023-11-24,261.8695566396955,Transferencia,Cuenta421,Cuenta969
null,2022-07-17,453.63754938814117,Transferencia,Cuenta132,Cuenta980
null,2023-04-17,736.3085479263057,Crédito,Cuenta154,Cuenta321
null,2022-11-08,490.822893578276,Débito,Cuenta612,Cuenta917
null,2023-12-19,928.5314117316519,Débito,Cuenta826,Cuenta141
null,2023-09-11,429.1813078691712,Débito,Cuenta750,Cuenta424
null,2023-12-08,197.76921775455637,Crédito,Cuenta985,Cuenta113
null,2022-03-15,985.8730337852395,Débito,Cuenta629,Cuenta949
null,2022-05-27,977.3242885108531,Crédito,Cuenta752,Cuenta492
null,2024-04-06,646.8789250953577,Débito,Cuenta370,Cuenta856
null,2023-09-14,152.55053705135202,Crédito,Cuenta683,Cuenta538
null,2024-07-22,676.152641878068,Débito,Cuenta674,Cuenta644
null,2022-01-11,645.6297237175744,Crédito,Cuenta573,Cuenta493
null,2024-11-13,49.71910029111426,Crédito,Cuenta225,Cuenta187
null,2023-04-20,529.096687579208,Transferencia,Cuenta914,Cuenta919
null,2024-06-23,214.92454216997604,Crédito,Cuenta509,Cuenta598
null,2022-03-24,844.2241111342514,Transferencia,Cuenta10,Cuenta980
null,2023-10-02,570.8184085802658,Crédito,Cuenta488,Cuenta626
null,2024-11-03,669.3268726407144,Débito,Cuenta955,Cuenta232
null,2022-05-16,763.7015214215525,Crédito,Cuenta591,Cuenta576
null,2024-08-20,651.0855478505308,Crédito,Cuenta684,Cuenta562
null,2024-05-11,374.31207700375046,Crédito,Cuenta342,Cuenta256
null,2023-05-11,213.69362280318893,Transferencia,Cuenta211,Cuenta616
null,2023-10-01,510.16160643544725,Crédito,Cuenta500,Cuenta743
null,2023-07-25,794.4940347781708,Débito,Cuenta164,Cuenta46
null,2023-03-28,478.32998659965233,Crédito,Cuenta63,Cuenta876
null,2024-02-22,594.3486242186322,Débito,Cuenta106,Cuenta256
null,2022-05-17,159.24482932198126,Débito,Cuenta476,Cuenta817
null,2024-12-26,802.3211412743004,Débito,Cuenta689,Cuenta882
null,2024-10-23,477.25872524094694,Transferencia,Cuenta791,Cuenta162
null,2022-06-03,521.1485817326388,Transferencia,Cuenta974,Cuenta169
null,2022-09-24,653.4106537745535,Crédito,Cuenta841,Cuenta334
null,2022-12-21,388.6515242201545,Crédito,Cuenta77,Cuenta523
null,2023-11-27,56.40527220341862,Débito,Cuenta104,Cuenta610
null,2023-05-13,323.1315784731167,Débito,Cuenta688,Cuenta204
null,2024-08-26,291.17924666802566,Crédito,Cuenta860,Cuenta542
null,2023-06-08,391.94143677673696,Débito,Cuenta539,Cuenta837
null,2023-06-10,313.2561680538396,Transferencia,Cuenta931,Cuenta942
null,2024-11-11,630.0051329072688,Transferencia,Cuenta225,Cuenta537
null,2022-11-17,422.5325418615776,Crédito,Cuenta318,Cuenta428
null,2024-12-22,115.2886760169719,Transferencia,Cuenta833,Cuenta889
null,2023-10-03,22.448205197426518,Transferencia,Cuenta894,Cuenta894
null,2022-12-09,45.51551985250146,Crédito,Cuenta56,Cuenta869
null,2022-04-25,407.84359545853,Crédito,Cuenta582,Cuenta398
null,2024-03-10,643.2547431088204,Transferencia,Cuenta578,Cuenta396
null,2022-11-27,627.1124997659628,Crédito,Cuenta407,Cuenta986
null,2022-02-02,540.1260800848618,Transferencia,Cuenta408,Cuenta806
null,2024-12-12,266.49522874683464,Crédito,Cuenta782,Cuenta774
null,2024-02-09,288.1060314800086,Débito,Cuenta991,Cuenta370
null,2024-04-21,978.2247618207888,Crédito,Cuenta419,Cuenta844
null,2023-12-22,970.6317345619757,Débito,Cuenta402,Cuenta868
null,2022-01-16,599.7746184477784,Transferencia,Cuenta835,Cuenta48
null,2023-02-25,798.1747243089636,Crédito,Cuenta750,Cuenta9
null,2024-01-13,475.77496088249507,Transferencia,Cuenta931,Cuenta80
null,2023-08-13,337.39727929371367,Débito,Cuenta920,Cuenta196
null,2024-09-28,896.1882180138739,Crédito,Cuenta658,Cuenta198
null,2022-07-23,954.2820752666545,Transferencia,Cuenta798,Cuenta159
null,2023-12-16,369.94740753064394,Transferencia,Cuenta808,Cuenta187
null,2023-02-17,275.2327562611939,Crédito,Cuenta36,Cuenta765
null,2022-10-05,297.0416329051315,Débito,Cuenta567,Cuenta911
null,2023-04-04,830.5056635216889,Crédito,Cuenta43,Cuenta949
null,2022-06-17,220.53738292030246,Transferencia,Cuenta556,Cuenta649
null,2022-03-05,902.8000923044107,Débito,Cuenta26,Cuenta39
null,2023-10-19,466.34583249532267,Transferencia,Cuenta587,Cuenta249
null,2024-07-07,280.42595611924014,Débito,Cuenta147,Cuenta727
null,2024-07-24,13.863435258577471,Crédito,Cuenta214,Cuenta819
null,2023-10-03,535.5902481939851,Transferencia,Cuenta506,Cuenta556
null,2024-10-12,46.483086806221706,Débito,Cuenta26,Cuenta864
null,2022-10-25,405.42096148133646,Crédito,Cuenta241,Cuenta457
null,2022-12-25,981.0508135643025,Crédito,Cuenta593,Cuenta110
null,2024-04-09,266.5446783987855,Transferencia,Cuenta239,Cuenta542
null,2024-10-24,442.1815629250102,Crédito,Cuenta54,Cuenta405
null,2024-10-14,122.98333014033236,Transferencia,Cuenta483,Cuenta758
null,2022-04-20,61.315151207045226,Transferencia,Cuenta819,Cuenta104
null,2022-10-07,839.1822604240595,Débito,Cuenta533,Cuenta407
null,2023-12-05,413.921960566655,Transferencia,Cuenta981,Cuenta693
null,2023-11-08,648.8596750715374,Transferencia,Cuenta382,Cuenta65
null,2024-05-14,306.25798662495265,Transferencia,Cuenta948,Cuenta161
null,2024-08-22,258.76347772564634,Crédito,Cuenta387,Cuenta435
null,2024-09-11,974.4332507619631,Transferencia,Cuenta497,Cuenta965
null,2023-08-25,985.924825804197,Débito,Cuenta520,Cuenta42
null,2024-12-23,63.949181453436424,Crédito,Cuenta266,Cuenta667
null,2022-10-10,605.7494662949692,Crédito,Cuenta510,Cuenta218
null,2022-05-20,488.1393554066966,Crédito,Cuenta445,Cuenta54
null,2023-05-22,513.4801504798162,Crédito,Cuenta462,Cuenta278
null,2022-04-23,646.1039705909471,Crédito,Cuenta669,Cuenta618
null,2023-07-09,820.3760546387974,Crédito,Cuenta552,Cuenta239
null,2023-01-06,864.3836513121141,Débito,Cuenta427,Cuenta896
null,2024-03-08,421.88225215765897,Débito,Cuenta627,Cuenta616
null,2023-08-03,328.31364579640257,Crédito,Cuenta707,Cuenta882
null,2024-02-10,419.18292097857056,Transferencia,Cuenta319,Cuenta385
null,2023-05-19,639.9942595199005,Transferencia,Cuenta149,Cuenta942
null,2024-01-27,156.02993818334232,Débito,Cuenta893,Cuenta517
null,2023-02-18,164.20834988970856,Débito,Cuenta315,Cuenta713
null,2023-01-16,780.0434439165782,Crédito,Cuenta70,Cuenta377
null,2023-02-06,205.6465436565924,Débito,Cuenta461,Cuenta137
null,2022-02-14,404.4746855056272,Transferencia,Cuenta771,Cuenta914
null,2023-11-17,725.1491439803247,Débito,Cuenta186,Cuenta919
null,2023-11-04,93.51419821053109,Débito,Cuenta56,Cuenta295
null,2024-11-21,791.3073597492107,Crédito,Cuenta3,Cuenta513
null,2022-10-27,658.4935914569154,Transferencia,Cuenta208,Cuenta132
null,2022-04-09,908.1409751384366,Débito,Cuenta578,Cuenta383
null,2022-06-01,193.5537838550717,Débito,Cuenta225,Cuenta93
null,2023-10-27,497.04343838219035,Transferencia,Cuenta377,Cuenta139
null,2022-09-19,885.1121463818697,Crédito,Cuenta606,Cuenta791
null,2023-09-08,846.962192979091,Crédito,Cuenta399,Cuenta822
null,2023-12-19,231.96951890531804,Débito,Cuenta818,Cuenta605
null,2024-06-05,954.6434988032723,Débito,Cuenta772,Cuenta786
null,2023-07-20,807.1935716160575,Transferencia,Cuenta731,Cuenta710
null,2022-01-27,33.67599625260698,Débito,Cuenta655,Cuenta696
null,2024-02-16,774.5731193837805,Transferencia,Cuenta263,Cuenta750
null,2022-05-02,127.43547236344455,Crédito,Cuenta728,Cuenta76
null,2024-04-20,598.8083118603945,Crédito,Cuenta403,Cuenta928
null,2023-04-15,837.2113748293489,Débito,Cuenta309,Cuenta338
null,2024-09-25,935.8306892757344,Crédito,Cuenta696,Cuenta389
null,2023-02-28,294.39309773243883,Transferencia,Cuenta151,Cuenta433
null,2024-07-17,330.21135992340413,Débito,Cuenta193,Cuenta196
null,2022-09-19,692.4615060692763,Transferencia,Cuenta824,Cuenta708
null,2023-01-25,500.9978190533666,Débito,Cuenta200,Cuenta36
null,2022-05-26,646.1485206989286,Crédito,Cuenta431,Cuenta827
null,2022-10-22,266.7052183496209,Crédito,Cuenta57,Cuenta771
null,2022-02-12,210.81196790368284,Débito,Cuenta572,Cuenta475
null,2022-07-05,46.344826340814606,Transferencia,Cuenta351,Cuenta603
null,2023-12-16,464.21070508751814,Débito,Cuenta925,Cuenta348
null,2023-10-23,341.5950542982268,Transferencia,Cuenta62,Cuenta12
null,2023-06-10,173.29804794151516,Crédito,Cuenta233,Cuenta865
null,2024-08-20,410.86363008931625,Crédito,Cuenta290,Cuenta807
null,2022-04-06,215.61858472064455,Débito,Cuenta638,Cuenta413
null,2024-07-10,83.52623478491294,Transferencia,Cuenta112,Cuenta525
null,2023-09-24,984.447962233577,Crédito,Cuenta726,Cuenta732
null,2023-04-04,268.3592463233916,Débito,Cuenta35,Cuenta825
null,2022-11-02,305.2066009981035,Crédito,Cuenta626,Cuenta368
null,2024-06-15,510.95609469113646,Transferencia,Cuenta447,Cuenta336
null,2022-12-12,534.688197195901,Crédito,Cuenta663,Cuenta275
null,2022-05-20,13.626131978210609,Crédito,Cuenta292,Cuenta324
null,2023-09-02,63.81009747355149,Débito,Cuenta384,Cuenta460
null,2022-11-18,234.14599850485217,Débito,Cuenta467,Cuenta253
null,2024-09-10,60.86529766733961,Transferencia,Cuenta341,Cuenta260
null,2022-11-09,137.75520002089158,Débito,Cuenta537,Cuenta993
null,2023-10-24,266.73631871815894,Débito,Cuenta193,Cuenta427
null,2023-02-12,234.1399549774743,Crédito,Cuenta72,Cuenta496
null,2023-04-08,702.1460560900077,Transferencia,Cuenta224,Cuenta505
null,2023-03-27,12.172390185280268,Crédito,Cuenta136,Cuenta91
null,2024-03-27,476.4169089357155,Débito,Cuenta978,Cuenta248
null,2023-05-17,339.9113156536966,Débito,Cuenta608,Cuenta771
null,2023-12-09,600.9596273299406,Débito,Cuenta838,Cuenta214
null,2024-02-17,390.57603757708114,Transferencia,Cuenta823,Cuenta1
null,2022-04-06,318.51403012609336,Débito,Cuenta994,Cuenta829
null,2024-04-23,566.8215201743448,Crédito,Cuenta247,Cuenta509
null,2023-05-16,260.86774670350496,Débito,Cuenta842,Cuenta404
null,2023-03-20,435.31793952206823,Débito,Cuenta812,Cuenta753
null,2022-02-10,858.0352423855046,Transferencia,Cuenta54,Cuenta24
null,2023-07-25,360.9185407138419,Débito,Cuenta180,Cuenta256
null,2023-09-27,237.68728540684026,Crédito,Cuenta535,Cuenta753
null,2022-12-10,36.819462395224264,Crédito,Cuenta25,Cuenta980
null,2022-04-26,286.4506913785867,Débito,Cuenta484,Cuenta783
null,2023-11-28,146.11523368646883,Transferencia,Cuenta247,Cuenta804
null,2024-10-04,185.7169067741653,Transferencia,Cuenta412,Cuenta392
null,2024-12-03,824.5951541341366,Débito,Cuenta975,Cuenta506
null,2024-12-28,441.52889648267404,Débito,Cuenta230,Cuenta411
null,2022-06-12,73.11525301637545,Transferencia,Cuenta826,Cuenta434
null,2024-11-23,127.84324178640838,Crédito,Cuenta397,Cuenta52
null,2024-09-18,204.9691991595748,Crédito,Cuenta732,Cuenta319
null,2022-01-04,594.5752089981478,Crédito,Cuenta684,Cuenta612
null,2022-09-19,578.3343824707636,Crédito,Cuenta575,Cuenta992
null,2022-08-01,624.4070888207389,Débito,Cuenta324,Cuenta977
null,2022-07-14,121.45984457764159,Débito,Cuenta306,Cuenta222
null,2024-05-06,150.47208898394447,Transferencia,Cuenta48,Cuenta62
null,2023-03-05,291.81319018944697,Débito,Cuenta507,Cuenta314
null,2022-07-16,39.556341945519826,Crédito,Cuenta703,Cuenta955
null,2022-06-16,305.9662314603568,Débito,Cuenta326,Cuenta393
null,2024-10-03,897.7863872844953,Débito,Cuenta969,Cuenta937
null,2022-02-21,585.8813255377628,Débito,Cuenta308,Cuenta36
null,2024-05-05,139.9418100911074,Transferencia,Cuenta448,Cuenta980
null,2024-03-24,987.1360949842053,Transferencia,Cuenta264,Cuenta719
null,2023-06-08,873.6260553918443,Crédito,Cuenta741,Cuenta67
null,2024-10-01,314.3407581264693,Débito,Cuenta74,Cuenta478
null,2023-09-24,443.43466896060767,Transferencia,Cuenta50,Cuenta337
null,2023-01-08,808.2680596889542,Crédito,Cuenta624,Cuenta433
null,2022-08-22,264.750169412328,Crédito,Cuenta881,Cuenta75
null,2022-08-13,911.6280149281412,Crédito,Cuenta592,Cuenta918
null,2022-10-19,7.085419858535946,Transferencia,Cuenta899,Cuenta972
null,2024-08-01,260.85129933870155,Transferencia,Cuenta4,Cuenta853
null,2022-07-07,234.80872471796744,Débito,Cuenta273,Cuenta461
null,2022-05-02,796.551147393684,Crédito,Cuenta945,Cuenta122
null,2024-07-23,546.9126674125032,Crédito,Cuenta174,Cuenta381
null,2022-10-04,950.7912414380247,Transferencia,Cuenta488,Cuenta911
null,2022-11-13,141.46993826548493,Débito,Cuenta914,Cuenta212
null,2023-03-18,257.5065611220294,Transferencia,Cuenta606,Cuenta515
null,2024-05-20,278.76284469630696,Crédito,Cuenta379,Cuenta905
null,2024-08-15,558.6196470757357,Transferencia,Cuenta364,Cuenta407
null,2022-11-08,391.1218321873866,Débito,Cuenta185,Cuenta505
null,2023-08-04,395.01277092842236,Crédito,Cuenta213,Cuenta986
null,2023-07-22,817.5919634088343,Crédito,Cuenta257,Cuenta632
null,2023-11-12,192.88833165688203,Débito,Cuenta369,Cuenta43
null,2024-05-20,308.160337087498,Transferencia,Cuenta166,Cuenta64
null,2022-06-16,308.97767061350646,Transferencia,Cuenta799,Cuenta446
null,2022-09-28,460.57909593938564,Crédito,Cuenta99,Cuenta774
null,2023-08-15,81.56246630043074,Crédito,Cuenta219,Cuenta90
null,2024-03-03,514.9022291548556,Crédito,Cuenta597,Cuenta757
null,2022-08-06,451.61869362899466,Crédito,Cuenta436,Cuenta190
null,2022-11-20,210.04773069248785,Transferencia,Cuenta434,Cuenta772
null,2023-04-13,999.316891361509,Crédito,Cuenta716,Cuenta83
null,2023-01-12,593.0145127235722,Débito,Cuenta741,Cuenta107
null,2024-11-26,208.0943133811295,Crédito,Cuenta181,Cuenta236
null,2023-01-15,521.0451413335212,Débito,Cuenta507,Cuenta803
null,2022-04-18,244.3752396710137,Transferencia,Cuenta813,Cuenta701
null,2022-06-23,714.1087997179491,Transferencia,Cuenta551,Cuenta263
null,2023-09-17,848.7843393172683,Transferencia,Cuenta608,Cuenta743
null,2022-04-17,246.03961019515486,Crédito,Cuenta111,Cuenta464
null,2023-01-14,963.6887751424206,Débito,Cuenta873,Cuenta424
null,2024-10-19,841.9947743230433,Crédito,Cuenta738,Cuenta926
null,2024-08-01,134.72932683978644,Transferencia,Cuenta718,Cuenta789
null,2022-02-11,828.9872374336911,Débito,Cuenta632,Cuenta403
null,2024-08-05,365.10042536533916,Transferencia,Cuenta149,Cuenta493
null,2024-12-20,385.5672180125406,Transferencia,Cuenta598,Cuenta554
null,2024-08-18,10.822807293909054,Débito,Cuenta843,Cuenta325
null,2024-06-26,392.2229359541777,Transferencia,Cuenta372,Cuenta257
null,2022-08-20,183.7184135452873,Crédito,Cuenta224,Cuenta717
null,2023-05-27,94.14652604971874,Débito,Cuenta481,Cuenta857
null,2024-03-19,308.0971905860905,Transferencia,Cuenta758,Cuenta697
null,2024-12-19,674.0528841990343,Crédito,Cuenta436,Cuenta31
null,2022-08-13,39.583290656923566,Crédito,Cuenta366,Cuenta418
null,2023-08-13,897.7117515225518,Transferencia,Cuenta250,Cuenta563
null,2022-03-26,143.93872340600632,Transferencia,Cuenta428,Cuenta665
null,2024-05-01,989.0345954371371,Transferencia,Cuenta193,Cuenta170
null,2023-11-07,58.21341053022078,Crédito,Cuenta253,Cuenta866
null,2024-09-25,137.54481979671152,Transferencia,Cuenta736,Cuenta534
null,2022-12-05,362.50094625049144,Crédito,Cuenta731,Cuenta129
null,2022-01-06,263.28645067188717,Crédito,Cuenta50,Cuenta597
null,2022-10-01,17.629014287018798,Crédito,Cuenta921,Cuenta398
null,2022-02-13,542.0312563254147,Débito,Cuenta551,Cuenta807
null,2022-08-11,146.67398656780074,Transferencia,Cuenta55,Cuenta205
null,2022-08-28,512.640199762779,Débito,Cuenta148,Cuenta790
null,2023-06-21,213.51948425304613,Crédito,Cuenta219,Cuenta375
null,2023-06-22,26.938097049899135,Débito,Cuenta525,Cuenta11
null,2024-12-10,454.350030326273,Transferencia,Cuenta918,Cuenta148
null,2023-12-21,427.61528957917784,Transferencia,Cuenta364,Cuenta247
null,2023-02-15,454.80904535281866,Transferencia,Cuenta667,Cuenta472
null,2024-12-20,585.9706682412136,Crédito,Cuenta165,Cuenta432
null,2022-06-04,803.7245823214903,Crédito,Cuenta796,Cuenta167
null,2022-05-04,842.4386251164225,Crédito,Cuenta863,Cuenta263
null,2024-03-24,197.5043429602308,Transferencia,Cuenta181,Cuenta151
null,2022-10-12,550.9130698594896,Crédito,Cuenta918,Cuenta961
null,2024-07-17,630.3548140715869,Débito,Cuenta92,Cuenta68
null,2022-06-27,363.82003985234104,Débito,Cuenta536,Cuenta868
null,2024-08-26,191.59228711969334,Transferencia,Cuenta26,Cuenta810
null,2022-12-02,413.988571471022,Crédito,Cuenta585,Cuenta197
null,2024-10-23,711.6812517334189,Transferencia,Cuenta304,Cuenta715
null,2023-08-06,815.1756297581703,Débito,Cuenta449,Cuenta175
null,2022-02-08,924.0848456352203,Crédito,Cuenta573,Cuenta992
null,2024-05-12,932.1364882101024,Débito,Cuenta649,Cuenta245
null,2022-03-01,704.7262651081078,Transferencia,Cuenta404,Cuenta902
null,2023-10-01,957.7181461122171,Débito,Cuenta137,Cuenta791
null,2023-04-21,48.796349415517135,Transferencia,Cuenta600,Cuenta350
null,2024-08-11,261.9524401758696,Débito,Cuenta587,Cuenta740
null,2023-03-27,595.9177295621155,Transferencia,Cuenta572,Cuenta604
null,2023-09-09,696.6824415768675,Débito,Cuenta645,Cuenta418
null,2023-08-20,755.0165246641263,Débito,Cuenta580,Cuenta535
null,2023-03-26,137.62927718218376,Crédito,Cuenta90,Cuenta233
null,2023-01-13,851.1126386362225,Crédito,Cuenta259,Cuenta151
null,2022-03-20,295.8065439720795,Transferencia,Cuenta813,Cuenta648
null,2022-11-23,745.8525668391278,Débito,Cuenta615,Cuenta431
null,2024-10-14,626.4835928553073,Transferencia,Cuenta567,Cuenta706
null,2023-03-24,908.5614509465997,Débito,Cuenta138,Cuenta957
null,2022-04-02,785.8583728299698,Crédito,Cuenta291,Cuenta708
null,2024-12-13,760.0796655781165,Débito,Cuenta257,Cuenta979
null,2022-06-11,4.467314134642186,Débito,Cuenta203,Cuenta68
null,2024-10-22,356.8447209222325,Transferencia,Cuenta3,Cuenta792
null,2022-06-15,468.7396616443441,Transferencia,Cuenta852,Cuenta361
null,2024-07-10,380.9820574211652,Crédito,Cuenta842,Cuenta98
null,2023-01-09,223.16697103340465,Débito,Cuenta699,Cuenta151
null,2023-11-01,256.03742485173007,Débito,Cuenta858,Cuenta530
null,2023-03-26,371.7465303519616,Transferencia,Cuenta531,Cuenta797
null,2022-05-11,939.0926526352386,Transferencia,Cuenta685,Cuenta49
null,2022-07-22,117.62291408952696,Transferencia,Cuenta757,Cuenta917
null,2024-05-03,905.1884856707691,Crédito,Cuenta671,Cuenta481
null,2022-09-18,269.4761934602097,Crédito,Cuenta365,Cuenta315
null,2024-02-23,652.5359910218035,Crédito,Cuenta820,Cuenta802
null,2023-03-15,384.89895224354586,Crédito,Cuenta683,Cuenta923
null,2022-04-26,391.0052804617509,Transferencia,Cuenta411,Cuenta128
null,2023-06-17,260.8270252464832,Crédito,Cuenta733,Cuenta114
null,2022-12-09,432.9606746095551,Débito,Cuenta255,Cuenta523
null,2023-04-05,60.04672034342862,Crédito,Cuenta263,Cuenta838
null,2024-10-23,970.3502707433802,Crédito,Cuenta39,Cuenta345
null,2022-04-05,413.41721582333923,Transferencia,Cuenta141,Cuenta667
null,2022-03-09,765.1642220028042,Crédito,Cuenta314,Cuenta810
null,2024-02-17,807.4288501773306,Crédito,Cuenta712,Cuenta966
null,2023-06-07,436.1530771279011,Crédito,Cuenta665,Cuenta530
null,2024-07-21,78.49637408916665,Transferencia,Cuenta289,Cuenta597
null,2023-08-19,428.0104536763837,Crédito,Cuenta193,Cuenta255
null,2024-10-19,751.2695849978255,Transferencia,Cuenta192,Cuenta430
null,2023-02-01,848.0292565249371,Crédito,Cuenta782,Cuenta501
null,2023-12-27,135.72745833013366,Crédito,Cuenta534,Cuenta550
null,2023-04-18,974.8889164856344,Débito,Cuenta88,Cuenta360
null,2023-11-25,383.3096127306574,Débito,Cuenta925,Cuenta730
null,2024-09-03,355.26220146949896,Transferencia,Cuenta871,Cuenta354
null,2024-08-24,846.5831225034169,Transferencia,Cuenta899,Cuenta814
null,2024-02-10,489.4310696006775,Transferencia,Cuenta489,Cuenta234
null,2024-04-09,186.9172282730578,Transferencia,Cuenta621,Cuenta823
null,2022-05-17,679.851828631084,Transferencia,Cuenta778,Cuenta237
null,2022-05-28,903.7111700083361,Débito,Cuenta21,Cuenta66
null,2022-06-19,180.6201662714664,Débito,Cuenta771,Cuenta188
null,2023-10-12,892.937631382155,Débito,Cuenta609,Cuenta276
null,2022-11-25,133.5349931241594,Débito,Cuenta541,Cuenta875
